Pubchem CID,Broad_ID,Anti Infective Agents,Anti Inflammatory Agents,Antineoplastic Agents,Cardiovascular Agents,Central Nervous System Agents,Dermatologic Agents,Gastrointestinal Agents,Hematologic Agents,Lipid Regulating Agents,Reproductive Control Agents,Respiratory System Agents,Urological Agents
6842999,BRD-A00100033,1,0,0,0,0,0,0,0,0,0,0,0
71446,BRD-A10303790,1,0,0,0,0,0,0,0,0,0,0,0
47472,BRD-A16665823,1,0,0,0,0,0,0,0,0,0,0,0
5362868,BRD-A17065207,1,0,0,0,0,0,0,0,0,0,0,0
42574,BRD-A19952358,1,0,0,0,0,0,0,0,0,0,0,0
16129995,BRD-A20697603,1,0,0,0,0,0,0,0,0,0,0,0
5853,BRD-A22101059,1,0,0,0,0,0,0,0,0,0,0,0
5353446,BRD-A31107743,1,0,0,0,0,0,0,0,0,0,0,0
5482,BRD-A33084557,1,0,0,0,0,0,0,0,0,0,0,0
40854,BRD-A33447119,1,0,0,0,0,0,0,0,0,0,0,0
3793,BRD-A34817987,1,0,0,0,0,0,0,0,0,0,0,0
93858,BRD-A41450521,1,0,0,0,0,0,0,0,0,0,0,0
54684459,BRD-A41555725,1,0,0,0,0,0,0,0,0,0,0,0
45114068,BRD-A48570745,1,0,0,0,0,0,0,0,0,0,0,0
3352,BRD-A50675702,1,0,0,0,0,0,0,0,0,0,0,0
68589,BRD-A51820102,1,0,0,0,0,0,0,0,0,0,0,0
37392,BRD-A51964809,1,0,0,0,0,0,0,0,0,0,0,0
16218979,BRD-A52886023,1,0,0,0,0,0,0,0,0,0,0,0
359247,BRD-A55913614,1,0,0,0,0,0,0,0,0,0,0,0
16667695,BRD-A58564983,1,0,0,0,0,0,0,0,0,0,0,0
6420045,BRD-A67709388,1,0,0,0,0,0,0,0,0,0,0,0
71815,BRD-A70083328,1,0,0,0,0,0,0,0,0,0,0,0
65495,BRD-A70649075,1,0,0,0,0,0,0,0,0,0,0,0
3279,BRD-A74500471,1,0,0,0,0,0,0,0,0,0,0,0
15165,BRD-A75479906,1,0,0,0,0,0,0,0,0,0,0,0
3823,BRD-A76019558,1,0,0,0,0,0,0,0,0,0,0,0
4189,BRD-A82396632,1,0,0,0,0,0,0,0,0,0,0,0
5071,BRD-A84282119,1,0,0,0,0,0,0,0,0,0,0,0
6321414,BRD-A87387433,1,0,0,0,0,0,0,0,0,0,0,0
4046,BRD-A89585551,1,0,0,0,0,0,0,0,0,0,0,0
2378,BRD-A94543220,1,0,0,0,0,0,0,0,0,0,0,0
15459,BRD-A94709349,1,0,0,0,0,0,0,0,0,0,0,0
65863,BRD-A95939040,1,0,0,0,0,0,0,0,0,0,0,0
5064,BRD-A96255180,1,0,0,0,0,0,0,0,0,0,0,0
5330,BRD-K00938507,1,0,0,0,0,0,0,0,0,0,0,0
5388984,BRD-K01507359,1,0,0,0,0,0,0,0,0,0,0,0
20848883,BRD-K02275692,1,0,0,0,0,0,0,0,0,0,0,0
26596,BRD-K02407574,1,0,0,0,0,0,0,0,0,0,0,0
60825,BRD-K02992638,1,0,0,0,0,0,0,0,0,0,0,0
6256,BRD-K03243820,1,0,0,0,0,0,0,0,0,0,0,0
5281912,BRD-K04010869,1,0,0,0,0,0,0,0,0,0,0,0
6321411,BRD-K04993501,1,0,0,0,0,0,0,0,0,0,0,0
5281901,BRD-K05350981,1,0,0,0,0,0,0,0,0,0,0,0
23667628,BRD-K05673000,1,0,0,0,0,0,0,0,0,0,0,0
71616,BRD-K06557128,1,0,0,0,0,0,0,0,0,0,0,0
5959,BRD-K08111712,1,0,0,0,0,0,0,0,0,0,0,0
153941,BRD-K08206212,1,0,0,0,0,0,0,0,0,0,0,0
441140,BRD-K08273968,1,0,0,0,0,0,0,0,0,0,0,0
441243,BRD-K09963420,1,0,0,0,0,0,0,0,0,0,0,0
6426773,BRD-K10207760,1,0,0,0,0,0,0,0,0,0,0,0
19529,BRD-K10974103,1,0,0,0,0,0,0,0,0,0,0,0
5327,BRD-K11640013,1,0,0,0,0,0,0,0,0,0,0,0
38911,BRD-K13044802,1,0,0,0,0,0,0,0,0,0,0,0
3561,BRD-K13238168,1,0,0,0,0,0,0,0,0,0,0,0
5478883,BRD-K13571841,1,0,0,0,0,0,0,0,0,0,0,0
5702153,BRD-K14693417,1,0,0,0,0,0,0,0,0,0,0,0
464205,BRD-K15891719,1,0,0,0,0,0,0,0,0,0,0,0
2812,BRD-K15916496,1,0,0,0,0,0,0,0,0,0,0,0
2722,BRD-K17075857,1,0,0,0,0,0,0,0,0,0,0,0
2236,BRD-K17110974,1,0,0,0,0,0,0,0,0,0,0,0
23667630,BRD-K18574842,1,0,0,0,0,0,0,0,0,0,0,0
51039,BRD-K20338176,1,0,0,0,0,0,0,0,0,0,0,0
3454,BRD-K22662435,1,0,0,0,0,0,0,0,0,0,0,0
5104,BRD-K22685337,1,0,0,0,0,0,0,0,0,0,0,0
5361463,BRD-K23369905,1,0,0,0,0,0,0,0,0,0,0,0
3085416,BRD-K24652731,1,0,0,0,0,0,0,0,0,0,0,0
5337997,BRD-K26104851,1,0,0,0,0,0,0,0,0,0,0,0
149784,BRD-K27450477,1,0,0,0,0,0,0,0,0,0,0,0
23581793,BRD-K28346421,1,0,0,0,0,0,0,0,0,0,0,0
1046,BRD-K28667793,1,0,0,0,0,0,0,0,0,0,0,0
5284585,BRD-K28935038,1,0,0,0,0,0,0,0,0,0,0,0
456201,BRD-K29113274,1,0,0,0,0,0,0,0,0,0,0,0
67313,BRD-K30649484,1,0,0,0,0,0,0,0,0,0,0,0
5328,BRD-K31682896,1,0,0,0,0,0,0,0,0,0,0,0
2022,BRD-K32318651,1,0,0,0,0,0,0,0,0,0,0,0
3314,BRD-K32977963,1,0,0,0,0,0,0,0,0,0,0,0
5462355,BRD-K33226500,1,0,0,0,0,0,0,0,0,0,0,0
4477,BRD-K35960502,1,0,0,0,0,0,0,0,0,0,0,0
6197,BRD-K36055864,1,0,0,0,0,0,0,0,0,0,0,0
43507,BRD-K37848908,1,0,0,0,0,0,0,0,0,0,0,0
2406,BRD-K39120595,1,0,0,0,0,0,0,0,0,0,0,0
68911,BRD-K39621635,1,0,0,0,0,0,0,0,0,0,0,0
40692,BRD-K40645748,1,0,0,0,0,0,0,0,0,0,0,0
64139,BRD-K40758068,1,0,0,0,0,0,0,0,0,0,0,0
4684,BRD-K40992116,1,0,0,0,0,0,0,0,0,0,0,0
5510,BRD-K44273375,1,0,0,0,0,0,0,0,0,0,0,0
5324,BRD-K45086103,1,0,0,0,0,0,0,0,0,0,0,0
60772,BRD-K46435977,1,0,0,0,0,0,0,0,0,0,0,0
5702238,BRD-K46531780,1,0,0,0,0,0,0,0,0,0,0,0
4725,BRD-K47780086,1,0,0,0,0,0,0,0,0,0,0,0
3634,BRD-K50406511,1,0,0,0,0,0,0,0,0,0,0,0
5344,BRD-K50859149,1,0,0,0,0,0,0,0,0,0,0,0
3334,BRD-K51318897,1,0,0,0,0,0,0,0,0,0,0,0
392622,BRD-K51485625,1,0,0,0,0,0,0,0,0,0,0,0
4622,BRD-K52075715,1,0,0,0,0,0,0,0,0,0,0,0
12303047,BRD-K52256627,1,0,0,0,0,0,0,0,0,0,0,0
6473883,BRD-K52756523,1,0,0,0,0,0,0,0,0,0,0,0
6093,BRD-K53123955,1,0,0,0,0,0,0,0,0,0,0,0
60857,BRD-K54314721,1,0,0,0,0,0,0,0,0,0,0,0
33613,BRD-K55044200,1,0,0,0,0,0,0,0,0,0,0,0
5904,BRD-K55191674,1,0,0,0,0,0,0,0,0,0,0,0
441145,BRD-K55375480,1,0,0,0,0,0,0,0,0,0,0,0
76621,BRD-K57291914,1,0,0,0,0,0,0,0,0,0,0,0
37542,BRD-K60369935,1,0,0,0,0,0,0,0,0,0,0,0
2955,BRD-K62363391,1,0,0,0,0,0,0,0,0,0,0,0
5361202,BRD-K63641886,1,0,0,0,0,0,0,0,0,0,0,0
68591,BRD-K64514229,1,0,0,0,0,0,0,0,0,0,0,0
4806,BRD-K64659768,1,0,0,0,0,0,0,0,0,0,0,0
25109985,BRD-K65111630,1,0,0,0,0,0,0,0,0,0,0,0
5281087,BRD-K66019333,1,0,0,0,0,0,0,0,0,0,0,0
441401,BRD-K66876909,1,0,0,0,0,0,0,0,0,0,0,0
5282481,BRD-K68132782,1,0,0,0,0,0,0,0,0,0,0,0
444732,BRD-K68202742,1,0,0,0,0,0,0,0,0,0,0,0
23667300,BRD-K70976396,1,0,0,0,0,0,0,0,0,0,0,0
5362065,BRD-K71059170,1,0,0,0,0,0,0,0,0,0,0,0
8478,BRD-K72723676,1,0,0,0,0,0,0,0,0,0,0,0
35370,BRD-K72903603,1,0,0,0,0,0,0,0,0,0,0,0
64142,BRD-K74117820,1,0,0,0,0,0,0,0,0,0,0,0
10695961,BRD-K76018977,1,0,0,0,0,0,0,0,0,0,0,0
5905,BRD-K76634210,1,0,0,0,0,0,0,0,0,0,0,0
2993,BRD-K77685957,1,0,0,0,0,0,0,0,0,0,0,0
65664,BRD-K79759031,1,0,0,0,0,0,0,0,0,0,0,0
50248,BRD-K81916719,1,0,0,0,0,0,0,0,0,0,0,0
3366,BRD-K82143716,1,0,0,0,0,0,0,0,0,0,0,0
5288674,BRD-K83988098,1,0,0,0,0,0,0,0,0,0,0,0
24066,BRD-K85925969,1,0,0,0,0,0,0,0,0,0,0,0
35802,BRD-K86003836,1,0,0,0,0,0,0,0,0,0,0,0
441383,BRD-K86204871,1,0,0,0,0,0,0,0,0,0,0,0
23666879,BRD-K86873305,1,0,0,0,0,0,0,0,0,0,0,0
4993,BRD-K88429204,1,0,0,0,0,0,0,0,0,0,0,0
19003,BRD-K89046952,1,0,0,0,0,0,0,0,0,0,0,0
5479,BRD-K89125793,1,0,0,0,0,0,0,0,0,0,0,0
27447,BRD-K90733503,1,0,0,0,0,0,0,0,0,0,0,0
253602,BRD-K91370081,1,0,0,0,0,0,0,0,0,0,0,0
18283,BRD-K93880783,1,0,0,0,0,0,0,0,0,0,0,0
41684,BRD-K96471533,1,0,0,0,0,0,0,0,0,0,0,0
50599,BRD-K99063460,1,0,0,0,0,0,0,0,0,0,0,0
5282071,BRD-K99369265,1,0,0,0,0,0,0,0,0,0,0,0
92727,BRD-K99451608,1,0,0,0,0,0,0,0,0,0,0,0
9949641,BRD-K99498722,1,0,0,0,0,0,0,0,0,0,0,0
3610,BRD-K99946902,1,0,0,0,0,0,0,0,0,0,0,0
6410757,BRD-M47937986,1,0,0,0,0,0,0,0,0,0,0,0
6710659,BRD-A38749782,0,1,0,0,0,0,0,0,0,0,0,0
5702036,BRD-A93424738,0,1,0,0,0,0,0,0,0,0,0,0
15209,BRD-K00824317,0,1,0,0,0,0,0,0,0,0,0,0
71414,BRD-K17674993,0,1,0,0,0,0,0,0,0,0,0,0
2396,BRD-K31342827,0,1,0,0,0,0,0,0,0,0,0,0
222786,BRD-K43736954,0,1,0,0,0,0,0,0,0,0,0,0
3371,BRD-K44067360,0,1,0,0,0,0,0,0,0,0,0,0
6714002,BRD-K46137903,0,1,0,0,0,0,0,0,0,0,0,0
236702,BRD-K47635719,0,1,0,0,0,0,0,0,0,0,0,0
6436,BRD-K53790871,0,1,0,0,0,0,0,0,0,0,0,0
16490,BRD-K61496577,0,1,0,0,0,0,0,0,0,0,0,0
26248,BRD-K69122748,0,1,0,0,0,0,0,0,0,0,0,0
5753,BRD-K73589401,0,1,0,0,0,0,0,0,0,0,0,0
23694214,BRD-K73978287,0,1,0,0,0,0,0,0,0,0,0,0
31307,BRD-K77554836,0,1,0,0,0,0,0,0,0,0,0,0
443943,BRD-K81709173,0,1,0,0,0,0,0,0,0,0,0,0
5745,BRD-K86161929,0,1,0,0,0,0,0,0,0,0,0,0
5754,BRD-K93568044,0,1,0,0,0,0,0,0,0,0,0,0
6215,BRD-K94353609,0,1,0,0,0,0,0,0,0,0,0,0
278679,BRD-A08877921,0,0,1,0,0,0,0,0,0,0,0,0
216326,BRD-A17883755,0,0,1,0,0,0,0,0,0,0,0,0
4666,BRD-A23723433,0,0,1,0,0,0,0,0,0,0,0,0
59693,BRD-A25619068,0,0,1,0,0,0,0,0,0,0,0,0
2375,BRD-A29485665,0,0,1,0,0,0,0,0,0,0,0,0
1345,BRD-A41451487,0,0,1,0,0,0,0,0,0,0,0,0
6710780,BRD-A55594068,0,0,1,0,0,0,0,0,0,0,0,0
5350,BRD-A58955223,0,0,1,0,0,0,0,0,0,0,0,0
23581804,BRD-A62434282,0,0,1,0,0,0,0,0,0,0,0,0
1691,BRD-A76941896,0,0,1,0,0,0,0,0,0,0,0,0
5386,BRD-A79903587,0,0,1,0,0,0,0,0,0,0,0,0
17534,BRD-K00656370,0,0,1,0,0,0,0,0,0,0,0,0
3712,BRD-K01815685,0,0,1,0,0,0,0,0,0,0,0,0
23725625,BRD-K02113016,0,0,1,0,0,0,0,0,0,0,0,0
6918837,BRD-K02130563,0,0,1,0,0,0,0,0,0,0,0,0
9444,BRD-K03406345,0,0,1,0,0,0,0,0,0,0,0,0
2061,BRD-K03670461,0,0,1,0,0,0,0,0,0,0,0,0
63062,BRD-K04210847,0,0,1,0,0,0,0,0,0,0,0,0
65348,BRD-K04548931,0,0,1,0,0,0,0,0,0,0,0,0
2126,BRD-K06854232,0,0,1,0,0,0,0,0,0,0,0,0
160355,BRD-K07691486,0,0,1,0,0,0,0,0,0,0,0,0
5328760,BRD-K07888196,0,0,1,0,0,0,0,0,0,0,0,0
5453,BRD-K09631521,0,0,1,0,0,0,0,0,0,0,0,0
2577,BRD-K11630072,0,0,1,0,0,0,0,0,0,0,0,0
11707110,BRD-K12343256,0,0,1,0,0,0,0,0,0,0,0,0
4122,BRD-K12539581,0,0,1,0,0,0,0,0,0,0,0,0
9829523,BRD-K13646352,0,0,1,0,0,0,0,0,0,0,0,0
6918638,BRD-K17743125,0,0,1,0,0,0,0,0,0,0,0,0
5359405,BRD-K17894950,0,0,1,0,0,0,0,0,0,0,0,0
10302451,BRD-K19540840,0,0,1,0,0,0,0,0,0,0,0,0
208908,BRD-K19687926,0,0,1,0,0,0,0,0,0,0,0,0
5926218,BRD-K21853356,0,0,1,0,0,0,0,0,0,0,0,0
2478,BRD-K23204545,0,0,1,0,0,0,0,0,0,0,0,0
406563,BRD-K23984367,0,0,1,0,0,0,0,0,0,0,0,0
3385,BRD-K24844714,0,0,1,0,0,0,0,0,0,0,0,0
57469,BRD-K26657438,0,0,1,0,0,0,0,0,0,0,0,0
3397,BRD-K28307902,0,0,1,0,0,0,0,0,0,0,0,0
135411,BRD-K28907958,0,0,1,0,0,0,0,0,0,0,0,0
2708,BRD-K29458283,0,0,1,0,0,0,0,0,0,0,0,0
5394,BRD-K32107296,0,0,1,0,0,0,0,0,0,0,0,0
60198,BRD-K33425534,0,0,1,0,0,0,0,0,0,0,0,0
29327,BRD-K34411947,0,0,1,0,0,0,0,0,0,0,0,0
5328771,BRD-K34533029,0,0,1,0,0,0,0,0,0,0,0,0
5351166,BRD-K35520305,0,0,1,0,0,0,0,0,0,0,0,0
5353609,BRD-K35573744,0,0,1,0,0,0,0,0,0,0,0,0
2064,BRD-K36737713,0,0,1,0,0,0,0,0,0,0,0,0
3071,BRD-K37846922,0,0,1,0,0,0,0,0,0,0,0,0
24360,BRD-K37890730,0,0,1,0,0,0,0,0,0,0,0,0
5614,BRD-K40255344,0,0,1,0,0,0,0,0,0,0,0,0
1794,BRD-K40990712,0,0,1,0,0,0,0,0,0,0,0,0
2063,BRD-K41996876,0,0,1,0,0,0,0,0,0,0,0,0
5281743,BRD-K42142750,0,0,1,0,0,0,0,0,0,0,0,0
30323,BRD-K43389675,0,0,1,0,0,0,0,0,0,0,0,0
5328772,BRD-K43405658,0,0,1,0,0,0,0,0,0,0,0,0
5280961,BRD-K43797669,0,0,1,0,0,0,0,0,0,0,0,0
2759362,BRD-K43860855,0,0,1,0,0,0,0,0,0,0,0,0
24826799,BRD-K44227013,0,0,1,0,0,0,0,0,0,0,0,0
5328779,BRD-K47105409,0,0,1,0,0,0,0,0,0,0,0,0
5790,BRD-K47832606,0,0,1,0,0,0,0,0,0,0,0,0
448013,BRD-K48935217,0,0,1,0,0,0,0,0,0,0,0,0
9809715,BRD-K49075727,0,0,1,0,0,0,0,0,0,0,0,0
2052,BRD-K49657628,0,0,1,0,0,0,0,0,0,0,0,0
5289501,BRD-K49685476,0,0,1,0,0,0,0,0,0,0,0,0
107905,BRD-K50660797,0,0,1,0,0,0,0,0,0,0,0,0
6932403,BRD-K51223576,0,0,1,0,0,0,0,0,0,0,0,0
5330286,BRD-K51313569,0,0,1,0,0,0,0,0,0,0,0,0
3005572,BRD-K51350053,0,0,1,0,0,0,0,0,0,0,0,0
2187,BRD-K52172416,0,0,1,0,0,0,0,0,0,0,0,0
60843,BRD-K55395145,0,0,1,0,0,0,0,0,0,0,0,0
60699,BRD-K55696337,0,0,1,0,0,0,0,0,0,0,0,0
16741,BRD-K56700933,0,0,1,0,0,0,0,0,0,0,0,0
2048,BRD-K57926513,0,0,1,0,0,0,0,0,0,0,0,0
40839,BRD-K59753975,0,0,1,0,0,0,0,0,0,0,0,0
462382,BRD-K60230970,0,0,1,0,0,0,0,0,0,0,0,0
60953,BRD-K61192372,0,0,1,0,0,0,0,0,0,0,0,0
3976,BRD-K62792802,0,0,1,0,0,0,0,0,0,0,0,0
159324,BRD-K62965247,0,0,1,0,0,0,0,0,0,0,0,0
5329098,BRD-K63504947,0,0,1,0,0,0,0,0,0,0,0,0
54900,BRD-K63828191,0,0,1,0,0,0,0,0,0,0,0,0
123631,BRD-K64052750,0,0,1,0,0,0,0,0,0,0,0,0
638034,BRD-K65331431,0,0,1,0,0,0,0,0,0,0,0,0
2123,BRD-K67043667,0,0,1,0,0,0,0,0,0,0,0,0
4775,BRD-K67102207,0,0,1,0,0,0,0,0,0,0,0,0
2046,BRD-K67506692,0,0,1,0,0,0,0,0,0,0,0,0
2051,BRD-K68336408,0,0,1,0,0,0,0,0,0,0,0,0
636362,BRD-K69650333,0,0,1,0,0,0,0,0,0,0,0,0
448799,BRD-K71823332,0,0,1,0,0,0,0,0,0,0,0,0
2724387,BRD-K75649340,0,0,1,0,0,0,0,0,0,0,0,0
2049,BRD-K76064317,0,0,1,0,0,0,0,0,0,0,0,0
285033,BRD-K76674262,0,0,1,0,0,0,0,0,0,0,0,0
4261,BRD-K77908580,0,0,1,0,0,0,0,0,0,0,0,0
5311,BRD-K81418486,0,0,1,0,0,0,0,0,0,0,0,0
5388992,BRD-K82109576,0,0,1,0,0,0,0,0,0,0,0,0
5468216,BRD-K82688027,0,0,1,0,0,0,0,0,0,0,0,0
5362422,BRD-K82818427,0,0,1,0,0,0,0,0,0,0,0,0
11296583,BRD-K83794624,0,0,1,0,0,0,0,0,0,0,0,0
6010,BRD-K84036904,0,0,1,0,0,0,0,0,0,0,0,0
3213,BRD-K85985071,0,0,1,0,0,0,0,0,0,0,0,0
9933475,BRD-K86930074,0,0,1,0,0,0,0,0,0,0,0,0
5287969,BRD-K87909389,0,0,1,0,0,0,0,0,0,0,0,0
387447,BRD-K88510285,0,0,1,0,0,0,0,0,0,0,0,0
3902,BRD-K88789588,0,0,1,0,0,0,0,0,0,0,0,0
5288209,BRD-K89085489,0,0,1,0,0,0,0,0,0,0,0,0
104758,BRD-K89839824,0,0,1,0,0,0,0,0,0,0,0,0
2724350,BRD-K91601245,0,0,1,0,0,0,0,0,0,0,0,0
68296,BRD-K91781484,0,0,1,0,0,0,0,0,0,0,0,0
443939,BRD-K92093830,0,0,1,0,0,0,0,0,0,0,0,0
123596,BRD-K92723993,0,0,1,0,0,0,0,0,0,0,0,0
2733526,BRD-K93754473,0,0,1,0,0,0,0,0,0,0,0,0
5485187,BRD-K96778649,0,0,1,0,0,0,0,0,0,0,0,0
13200033,BRD-K97514127,0,0,1,0,0,0,0,0,0,0,0,0
107867,BRD-A00520476,0,0,0,1,0,0,0,0,0,0,0,0
66368,BRD-A00993607,0,0,0,1,0,0,0,0,0,0,0,0
4507,BRD-A02006392,0,0,0,1,0,0,0,0,0,0,0,0
45479756,BRD-A06390036,0,0,0,1,0,0,0,0,0,0,0,0
5282138,BRD-A07875874,0,0,0,1,0,0,0,0,0,0,0,0
3356,BRD-A09472452,0,0,0,1,0,0,0,0,0,0,0,0
62969,BRD-A09533288,0,0,0,1,0,0,0,0,0,0,0,0
65557,BRD-A10662413,0,0,0,1,0,0,0,0,0,0,0,0
2585,BRD-A10977446,0,0,0,1,0,0,0,0,0,0,0,0
3157,BRD-A13188892,0,0,0,1,0,0,0,0,0,0,0,0
4032,BRD-A20119038,0,0,0,1,0,0,0,0,0,0,0,0
2162,BRD-A22032524,0,0,0,1,0,0,0,0,0,0,0,0
4826,BRD-A22897758,0,0,0,1,0,0,0,0,0,0,0,0
6419987,BRD-A24191444,0,0,0,1,0,0,0,0,0,0,0,0
4497,BRD-A24891640,0,0,0,1,0,0,0,0,0,0,0,0
4932,BRD-A26334849,0,0,0,1,0,0,0,0,0,0,0,0
2732,BRD-A26384407,0,0,0,1,0,0,0,0,0,0,0,0
4474,BRD-A26711594,0,0,0,1,0,0,0,0,0,0,0,0
5560,BRD-A28940325,0,0,0,1,0,0,0,0,0,0,0,0
441307,BRD-A29260609,0,0,0,1,0,0,0,0,0,0,0,0
3114,BRD-A29734509,0,0,0,1,0,0,0,0,0,0,0,0
5354,BRD-A34205397,0,0,0,1,0,0,0,0,0,0,0,0
9828429,BRD-A34806832,0,0,0,1,0,0,0,0,0,0,0,0
6081,BRD-A39189014,0,0,0,1,0,0,0,0,0,0,0,0
4883,BRD-A41304429,0,0,0,1,0,0,0,0,0,0,0,0
2583,BRD-A42167015,0,0,0,1,0,0,0,0,0,0,0,0
6708762,BRD-A45333398,0,0,0,1,0,0,0,0,0,0,0,0
3341,BRD-A50684349,0,0,0,1,0,0,0,0,0,0,0,0
6708482,BRD-A51382177,0,0,0,1,0,0,0,0,0,0,0,0
5311217,BRD-A52282606,0,0,0,1,0,0,0,0,0,0,0,0
6307,BRD-A59303141,0,0,0,1,0,0,0,0,0,0,0,0
4170,BRD-A61793559,0,0,0,1,0,0,0,0,0,0,0,0
4701,BRD-A63836183,0,0,0,1,0,0,0,0,0,0,0,0
60496,BRD-A64297288,0,0,0,1,0,0,0,0,0,0,0,0
1585,BRD-A64933752,0,0,0,1,0,0,0,0,0,0,0,0
2540,BRD-A65671304,0,0,0,1,0,0,0,0,0,0,0,0
5284441,BRD-A67799922,0,0,0,1,0,0,0,0,0,0,0,0
312915,BRD-A67862938,0,0,0,1,0,0,0,0,0,0,0,0
3076,BRD-A69636825,0,0,0,1,0,0,0,0,0,0,0,0
3784,BRD-A69927616,0,0,0,1,0,0,0,0,0,0,0,0
5702162,BRD-A71033472,0,0,0,1,0,0,0,0,0,0,0,0
30322,BRD-A75144621,0,0,0,1,0,0,0,0,0,0,0,0
2734756,BRD-A78295502,0,0,0,1,0,0,0,0,0,0,0,0
65324,BRD-A78322124,0,0,0,1,0,0,0,0,0,0,0,0
2315,BRD-A80017228,0,0,0,1,0,0,0,0,0,0,0,0
656731,BRD-A83695761,0,0,0,1,0,0,0,0,0,0,0,0
4499,BRD-A84465106,0,0,0,1,0,0,0,0,0,0,0,0
2351,BRD-A91008255,0,0,0,1,0,0,0,0,0,0,0,0
2663,BRD-A95602221,0,0,0,1,0,0,0,0,0,0,0,0
3702,BRD-A95869247,0,0,0,1,0,0,0,0,0,0,0,0
4828,BRD-A97701745,0,0,0,1,0,0,0,0,0,0,0,0
43345,BRD-K00206590,0,0,0,1,0,0,0,0,0,0,0,0
3546,BRD-K05434375,0,0,0,1,0,0,0,0,0,0,0,0
1547484,BRD-K07220430,0,0,0,1,0,0,0,0,0,0,0,0
5281056,BRD-K08806317,0,0,0,1,0,0,0,0,0,0,0,0
60663,BRD-K09549677,0,0,0,1,0,0,0,0,0,0,0,0
5311221,BRD-K10961822,0,0,0,1,0,0,0,0,0,0,0,0
3639,BRD-K13078532,0,0,0,1,0,0,0,0,0,0,0,0
4100,BRD-K13356952,0,0,0,1,0,0,0,0,0,0,0,0
12492,BRD-K15567837,0,0,0,1,0,0,0,0,0,0,0,0
441325,BRD-K17561142,0,0,0,1,0,0,0,0,0,0,0,0
4369270,BRD-K18518344,0,0,0,1,0,0,0,0,0,0,0,0
15478,BRD-K18619710,0,0,0,1,0,0,0,0,0,0,0,0
6420013,BRD-K19462402,0,0,0,1,0,0,0,0,0,0,0,0
6918140,BRD-K19706299,0,0,0,1,0,0,0,0,0,0,0,0
34633,BRD-K21548250,0,0,0,1,0,0,0,0,0,0,0,0
2724385,BRD-K23478508,0,0,0,1,0,0,0,0,0,0,0,0
62920,BRD-K24023109,0,0,0,1,0,0,0,0,0,0,0,0
5283740,BRD-K27316855,0,0,0,1,0,0,0,0,0,0,0,0
41781,BRD-K30480208,0,0,0,1,0,0,0,0,0,0,0,0
122188,BRD-K32311154,0,0,0,1,0,0,0,0,0,0,0,0
71401,BRD-K32830106,0,0,0,1,0,0,0,0,0,0,0,0
91270,BRD-K34441861,0,0,0,1,0,0,0,0,0,0,0,0
3476,BRD-K34776109,0,0,0,1,0,0,0,0,0,0,0,0
439501,BRD-K35708212,0,0,0,1,0,0,0,0,0,0,0,0
3647,BRD-K36862742,0,0,0,1,0,0,0,0,0,0,0,0
105008,BRD-K38251852,0,0,0,1,0,0,0,0,0,0,0,0
442530,BRD-K39944607,0,0,0,1,0,0,0,0,0,0,0,0
657255,BRD-K42635745,0,0,0,1,0,0,0,0,0,0,0,0
65340,BRD-K43887077,0,0,0,1,0,0,0,0,0,0,0,0
121878,BRD-K45117373,0,0,0,1,0,0,0,0,0,0,0,0
60846,BRD-K45158365,0,0,0,1,0,0,0,0,0,0,0,0
6048,BRD-K46211610,0,0,0,1,0,0,0,0,0,0,0,0
656615,BRD-K46556543,0,0,0,1,0,0,0,0,0,0,0,0
657298,BRD-K48168960,0,0,0,1,0,0,0,0,0,0,0,0
38853,BRD-K48578705,0,0,0,1,0,0,0,0,0,0,0,0
5284549,BRD-K48617017,0,0,0,1,0,0,0,0,0,0,0,0
3074,BRD-K48722258,0,0,0,1,0,0,0,0,0,0,0,0
68546,BRD-K49111258,0,0,0,1,0,0,0,0,0,0,0,0
6100,BRD-K49669424,0,0,0,1,0,0,0,0,0,0,0,0
5362123,BRD-K49807096,0,0,0,1,0,0,0,0,0,0,0,0
5358,BRD-K50938287,0,0,0,1,0,0,0,0,0,0,0,0
44093,BRD-K54529596,0,0,0,1,0,0,0,0,0,0,0,0
5388961,BRD-K57545991,0,0,0,1,0,0,0,0,0,0,0,0
3749,BRD-K60038276,0,0,0,1,0,0,0,0,0,0,0,0
5702062,BRD-K62736196,0,0,0,1,0,0,0,0,0,0,0,0
3926,BRD-K62996583,0,0,0,1,0,0,0,0,0,0,0,0
3278,BRD-K63630713,0,0,0,1,0,0,0,0,0,0,0,0
2435,BRD-K68264559,0,0,0,1,0,0,0,0,0,0,0,0
54891,BRD-K72222507,0,0,0,1,0,0,0,0,0,0,0,0
3019,BRD-K73109821,0,0,0,1,0,0,0,0,0,0,0,0
65999,BRD-K73999723,0,0,0,1,0,0,0,0,0,0,0,0
185462,BRD-K74763371,0,0,0,1,0,0,0,0,0,0,0,0
4913,BRD-K75089421,0,0,0,1,0,0,0,0,0,0,0,0
3961,BRD-K76205745,0,0,0,1,0,0,0,0,0,0,0,0
7510,BRD-K76600340,0,0,0,1,0,0,0,0,0,0,0,0
3547,BRD-K76617868,0,0,0,1,0,0,0,0,0,0,0,0
130881,BRD-K78485176,0,0,0,1,0,0,0,0,0,0,0,0
3423,BRD-K78959463,0,0,0,1,0,0,0,0,0,0,0,0
93565,BRD-K82381502,0,0,0,1,0,0,0,0,0,0,0,0
3106,BRD-K82577285,0,0,0,1,0,0,0,0,0,0,0,0
158781,BRD-K83144676,0,0,0,1,0,0,0,0,0,0,0,0
9373,BRD-K83597974,0,0,0,1,0,0,0,0,0,0,0,0
6185,BRD-K84595254,0,0,0,1,0,0,0,0,0,0,0,0
71329,BRD-K86887724,0,0,0,1,0,0,0,0,0,0,0,0
4849,BRD-K87990216,0,0,0,1,0,0,0,0,0,0,0,0
2720,BRD-K88682005,0,0,0,1,0,0,0,0,0,0,0,0
5362129,BRD-K89348303,0,0,0,1,0,0,0,0,0,0,0,0
5833,BRD-K90027355,0,0,0,1,0,0,0,0,0,0,0,0
5775,BRD-K90333595,0,0,0,1,0,0,0,0,0,0,0,0
5546,BRD-K92049597,0,0,0,1,0,0,0,0,0,0,0,0
65637,BRD-K92446736,0,0,0,1,0,0,0,0,0,0,0,0
107807,BRD-K92731339,0,0,0,1,0,0,0,0,0,0,0,0
16231,BRD-K97181089,0,0,0,1,0,0,0,0,0,0,0,0
5462501,BRD-K99447003,0,0,0,1,0,0,0,0,0,0,0,0
92151,BRD-A00546892,0,0,0,0,1,0,0,0,0,0,0,0
4062,BRD-A03216249,0,0,0,0,1,0,0,0,0,0,0,0
4412255,BRD-A03816571,0,0,0,0,1,0,0,0,0,0,0,0
5665,BRD-A07893380,0,0,0,0,1,0,0,0,0,0,0,0
4106,BRD-A07932845,0,0,0,0,1,0,0,0,0,0,0,0
5702135,BRD-A09094913,0,0,0,0,1,0,0,0,0,0,0,0
17683,BRD-A09467419,0,0,0,0,1,0,0,0,0,0,0,0
11957454,BRD-A14966924,0,0,0,0,1,0,0,0,0,0,0,0
108046,BRD-A15435692,0,0,0,0,1,0,0,0,0,0,0,0
5282318,BRD-A19195498,0,0,0,0,1,0,0,0,0,0,0,0
4184,BRD-A19661776,0,0,0,0,1,0,0,0,0,0,0,0
64764,BRD-A23359898,0,0,0,0,1,0,0,0,0,0,0,0
15548,BRD-A24817035,0,0,0,0,1,0,0,0,0,0,0,0
238053,BRD-A25067867,0,0,0,0,1,0,0,0,0,0,0,0
3292,BRD-A30205217,0,0,0,0,1,0,0,0,0,0,0,0
26533,BRD-A30582499,0,0,0,0,1,0,0,0,0,0,0,0
3386,BRD-A31159102,0,0,0,0,1,0,0,0,0,0,0,0
207841,BRD-A31800922,0,0,0,0,1,0,0,0,0,0,0,0
5092,BRD-A34255068,0,0,0,0,1,0,0,0,0,0,0,0
5735,BRD-A34309505,0,0,0,0,1,0,0,0,0,0,0,0
7029,BRD-A37288617,0,0,0,0,1,0,0,0,0,0,0,0
1204,BRD-A39268308,0,0,0,0,1,0,0,0,0,0,0,0
4737,BRD-A44448661,0,0,0,0,1,0,0,0,0,0,0,0
5912039,BRD-A47065382,0,0,0,0,1,0,0,0,0,0,0,0
92409,BRD-A49046702,0,0,0,0,1,0,0,0,0,0,0,0
5741,BRD-A49160188,0,0,0,0,1,0,0,0,0,0,0,0
68870,BRD-A53077924,0,0,0,0,1,0,0,0,0,0,0,0
83823,BRD-A53576514,0,0,0,0,1,0,0,0,0,0,0,0
92163,BRD-A53952395,0,0,0,0,1,0,0,0,0,0,0,0
5355,BRD-A55272860,0,0,0,0,1,0,0,0,0,0,0,0
5666,BRD-A59198242,0,0,0,0,1,0,0,0,0,0,0,0
2159,BRD-A60197193,0,0,0,0,1,0,0,0,0,0,0,0
60703,BRD-A61392169,0,0,0,0,1,0,0,0,0,0,0,0
9883259,BRD-A65280694,0,0,0,0,1,0,0,0,0,0,0,0
68602,BRD-A66563878,0,0,0,0,1,0,0,0,0,0,0,0
5875451,BRD-A67433117,0,0,0,0,1,0,0,0,0,0,0,0
32170,BRD-A70514680,0,0,0,0,1,0,0,0,0,0,0,0
5311454,BRD-A72441487,0,0,0,0,1,0,0,0,0,0,0,0
5369129,BRD-A75455249,0,0,0,0,1,0,0,0,0,0,0,0
23581824,BRD-A75769826,0,0,0,0,1,0,0,0,0,0,0,0
155290,BRD-A78877355,0,0,0,0,1,0,0,0,0,0,0,0
1297,BRD-A80383043,0,0,0,0,1,0,0,0,0,0,0,0
4723,BRD-A80793822,0,0,0,0,1,0,0,0,0,0,0,0
11693,BRD-A81233518,0,0,0,0,1,0,0,0,0,0,0,0
4060,BRD-A83937277,0,0,0,0,1,0,0,0,0,0,0,0
66062,BRD-A84481105,0,0,0,0,1,0,0,0,0,0,0,0
644274,BRD-A98283014,0,0,0,0,1,0,0,0,0,0,0,0
3291,BRD-A99633051,0,0,0,0,1,0,0,0,0,0,0,0
5311507,BRD-K00198051,0,0,0,0,1,0,0,0,0,0,0,0
43032,BRD-K00532621,0,0,0,0,1,0,0,0,0,0,0,0
16362,BRD-K01292756,0,0,0,0,1,0,0,0,0,0,0,0
163701,BRD-K02227374,0,0,0,0,1,0,0,0,0,0,0,0
2170,BRD-K02265150,0,0,0,0,1,0,0,0,0,0,0,0
2519,BRD-K02404261,0,0,0,0,1,0,0,0,0,0,0,0
6410797,BRD-K02867583,0,0,0,0,1,0,0,0,0,0,0,0
71478,BRD-K03319035,0,0,0,0,1,0,0,0,0,0,0,0
33741,BRD-K04412738,0,0,0,0,1,0,0,0,0,0,0,0
1893,BRD-K04430056,0,0,0,0,1,0,0,0,0,0,0,0
5311200,BRD-K05528470,0,0,0,0,1,0,0,0,0,0,0,0
114869,BRD-K06335600,0,0,0,0,1,0,0,0,0,0,0,0
9964861,BRD-K06388322,0,0,0,0,1,0,0,0,0,0,0,0
60785,BRD-K08998509,0,0,0,0,1,0,0,0,0,0,0,0
5281565,BRD-K09497549,0,0,0,0,1,0,0,0,0,0,0,0
4039,BRD-K10314788,0,0,0,0,1,0,0,0,0,0,0,0
77991,BRD-K10706131,0,0,0,0,1,0,0,0,0,0,0,0
4659569,BRD-K10852020,0,0,0,0,1,0,0,0,0,0,0,0
4748,BRD-K10995081,0,0,0,0,1,0,0,0,0,0,0,0
4472,BRD-K12102668,0,0,0,0,1,0,0,0,0,0,0,0
104999,BRD-K14844937,0,0,0,0,1,0,0,0,0,0,0,0
33630,BRD-K15409150,0,0,0,0,1,0,0,0,0,0,0,0
6843,BRD-K18250272,0,0,0,0,1,0,0,0,0,0,0,0
6917789,BRD-K18779551,0,0,0,0,1,0,0,0,0,0,0,0
5070,BRD-K21283037,0,0,0,0,1,0,0,0,0,0,0,0
16219612,BRD-K23163214,0,0,0,0,1,0,0,0,0,0,0,0
4847,BRD-K25224017,0,0,0,0,1,0,0,0,0,0,0,0
4011,BRD-K25433859,0,0,0,0,1,0,0,0,0,0,0,0
4830,BRD-K26801045,0,0,0,0,1,0,0,0,0,0,0,0
2482,BRD-K27217864,0,0,0,0,1,0,0,0,0,0,0,0
60854,BRD-K29582115,0,0,0,0,1,0,0,0,0,0,0,0
5284627,BRD-K29653726,0,0,0,0,1,0,0,0,0,0,0,0
2118,BRD-K32398298,0,0,0,0,1,0,0,0,0,0,0,0
5311403,BRD-K32480324,0,0,0,0,1,0,0,0,0,0,0,0
7333,BRD-K33459542,0,0,0,0,1,0,0,0,0,0,0,0
121926,BRD-K33882852,0,0,0,0,1,0,0,0,0,0,0,0
5163,BRD-K36395411,0,0,0,0,1,0,0,0,0,0,0,0
667477,BRD-K36616567,0,0,0,0,1,0,0,0,0,0,0,0
2818,BRD-K37289225,0,0,0,0,1,0,0,0,0,0,0,0
667468,BRD-K37694030,0,0,0,0,1,0,0,0,0,0,0,0
62878,BRD-K37991163,0,0,0,0,1,0,0,0,0,0,0,0
8228,BRD-K38436528,0,0,0,0,1,0,0,0,0,0,0,0
5074,BRD-K40887525,0,0,0,0,1,0,0,0,0,0,0,0
3121,BRD-K41260949,0,0,0,0,1,0,0,0,0,0,0,0
1983,BRD-K41524689,0,0,0,0,1,0,0,0,0,0,0,0
6603149,BRD-K42098891,0,0,0,0,1,0,0,0,0,0,0,0
4515,BRD-K42221274,0,0,0,0,1,0,0,0,0,0,0,0
3081,BRD-K43687498,0,0,0,0,1,0,0,0,0,0,0,0
5732,BRD-K44876623,0,0,0,0,1,0,0,0,0,0,0,0
15443,BRD-K45861246,0,0,0,0,1,0,0,0,0,0,0,0
907504,BRD-K45888792,0,0,0,0,1,0,0,0,0,0,0,0
73957,BRD-K46523383,0,0,0,0,1,0,0,0,0,0,0,0
3272524,BRD-K47717570,0,0,0,0,1,0,0,0,0,0,0,0
198284,BRD-K47936004,0,0,0,0,1,0,0,0,0,0,0,0
5734,BRD-K48300629,0,0,0,0,1,0,0,0,0,0,0,0
5284583,BRD-K49404994,0,0,0,0,1,0,0,0,0,0,0,0
9651,BRD-K49481516,0,0,0,0,1,0,0,0,0,0,0,0
175804,BRD-K50938786,0,0,0,0,1,0,0,0,0,0,0,0
73333,BRD-K52397688,0,0,0,0,1,0,0,0,0,0,0,0
68539,BRD-K52989797,0,0,0,0,1,0,0,0,0,0,0,0
11065,BRD-K53737926,0,0,0,0,1,0,0,0,0,0,0,0
5073,BRD-K53857191,0,0,0,0,1,0,0,0,0,0,0,0
54477,BRD-K54094468,0,0,0,0,1,0,0,0,0,0,0,0
667484,BRD-K55055802,0,0,0,0,1,0,0,0,0,0,0,0
3372,BRD-K55127134,0,0,0,0,1,0,0,0,0,0,0,0
5265,BRD-K55468218,0,0,0,0,1,0,0,0,0,0,0,0
5917,BRD-K57718010,0,0,0,0,1,0,0,0,0,0,0,0
4506,BRD-K57930253,0,0,0,0,1,0,0,0,0,0,0,0
4938,BRD-K59273480,0,0,0,0,1,0,0,0,0,0,0,0
91274,BRD-K60160658,0,0,0,0,1,0,0,0,0,0,0,0
65327,BRD-K60762818,0,0,0,0,1,0,0,0,0,0,0,0
4375,BRD-K61951118,0,0,0,0,1,0,0,0,0,0,0,0
3034010,BRD-K63343048,0,0,0,0,1,0,0,0,0,0,0,0
3035905,BRD-K63874012,0,0,0,0,1,0,0,0,0,0,0,0
3277,BRD-K64755930,0,0,0,0,1,0,0,0,0,0,0,0
5311304,BRD-K66404838,0,0,0,0,1,0,0,0,0,0,0,0
5464092,BRD-K67511046,0,0,0,0,1,0,0,0,0,0,0,0
442021,BRD-K68077509,0,0,0,0,1,0,0,0,0,0,0,0
115210,BRD-K68392338,0,0,0,0,1,0,0,0,0,0,0,0
6918224,BRD-K68867920,0,0,0,0,1,0,0,0,0,0,0,0
60149,BRD-K69116396,0,0,0,0,1,0,0,0,0,0,0,0
60795,BRD-K70358946,0,0,0,0,1,0,0,0,0,0,0,0
5281881,BRD-K70487031,0,0,0,0,1,0,0,0,0,0,0,0
18528119,BRD-K70490179,0,0,0,0,1,0,0,0,0,0,0,0
62935,BRD-K70778732,0,0,0,0,1,0,0,0,0,0,0,0
4496,BRD-K70883034,0,0,0,0,1,0,0,0,0,0,0,0
60834,BRD-K71103788,0,0,0,0,1,0,0,0,0,0,0,0
2554,BRD-K71799949,0,0,0,0,1,0,0,0,0,0,0,0
3180,BRD-K72259270,0,0,0,0,1,0,0,0,0,0,0,0
6857,BRD-K73391359,0,0,0,0,1,0,0,0,0,0,0,0
2337,BRD-K75466013,0,0,0,0,1,0,0,0,0,0,0,0
3396,BRD-K77947974,0,0,0,0,1,0,0,0,0,0,0,0
517321,BRD-K79116891,0,0,0,0,1,0,0,0,0,0,0,0
9419,BRD-K79145749,0,0,0,0,1,0,0,0,0,0,0,0
58144,BRD-K79353516,0,0,0,0,1,0,0,0,0,0,0,0
16363,BRD-K79425933,0,0,0,0,1,0,0,0,0,0,0,0
667467,BRD-K81091703,0,0,0,0,1,0,0,0,0,0,0,0
176408,BRD-K81225797,0,0,0,0,1,0,0,0,0,0,0,0
6914273,BRD-K81272440,0,0,0,0,1,0,0,0,0,0,0,0
68617,BRD-K82036761,0,0,0,0,1,0,0,0,0,0,0,0
33611,BRD-K82147103,0,0,0,0,1,0,0,0,0,0,0,0
5281081,BRD-K83636919,0,0,0,0,1,0,0,0,0,0,0,0
66448,BRD-K85030058,0,0,0,0,1,0,0,0,0,0,0,0
123662,BRD-K85242180,0,0,0,0,1,0,0,0,0,0,0,0
115367,BRD-K85503079,0,0,0,0,1,0,0,0,0,0,0,0
26758,BRD-K86434416,0,0,0,0,1,0,0,0,0,0,0,0
2712,BRD-K86595100,0,0,0,0,1,0,0,0,0,0,0,0
61100,BRD-K87024524,0,0,0,0,1,0,0,0,0,0,0,0
5485201,BRD-K88172511,0,0,0,0,1,0,0,0,0,0,0,0
2196,BRD-K88611939,0,0,0,0,1,0,0,0,0,0,0,0
56971,BRD-K90574421,0,0,0,0,1,0,0,0,0,0,0,0
54911,BRD-K90789829,0,0,0,0,1,0,0,0,0,0,0,0
441358,BRD-K91263825,0,0,0,0,1,0,0,0,0,0,0,0
68848,BRD-K91336023,0,0,0,0,1,0,0,0,0,0,0,0
15387,BRD-K92984783,0,0,0,0,1,0,0,0,0,0,0,0
3759,BRD-K93332168,0,0,0,0,1,0,0,0,0,0,0,0
2477,BRD-K93461745,0,0,0,0,1,0,0,0,0,0,0,0
107930,BRD-K94270326,0,0,0,0,1,0,0,0,0,0,0,0
70969,BRD-K96319534,0,0,0,0,1,0,0,0,0,0,0,0
941650,BRD-K97309399,0,0,0,0,1,0,0,0,0,0,0,0
896,BRD-K97530723,0,0,0,0,1,0,0,0,0,0,0,0
2733,BRD-K98174813,0,0,0,0,1,0,0,0,0,0,0,0
3331,BRD-K99107520,0,0,0,0,1,0,0,0,0,0,0,0
2480,BRD-K99622919,0,0,0,0,1,0,0,0,0,0,0,0
6473767,BRD-M47793593,0,0,0,0,1,0,0,0,0,0,0,0
5282375,BRD-K36248164,0,0,0,0,0,1,0,0,0,0,0,0
1548943,BRD-K50590187,0,0,0,0,0,1,0,0,0,0,0,0
5288783,BRD-K56429665,0,0,0,0,0,1,0,0,0,0,0,0
4632,BRD-K59037100,0,0,0,0,0,1,0,0,0,0,0,0
5284513,BRD-K62012036,0,0,0,0,0,1,0,0,0,0,0,0
5282379,BRD-K76723084,0,0,0,0,0,1,0,0,0,0,0,0
5042,BRD-A15909516,0,0,0,0,0,0,1,0,0,0,0,0
4679,BRD-A22380646,0,0,0,0,0,0,1,0,0,0,0,0
65909,BRD-A26032986,0,0,0,0,0,0,1,0,0,0,0,0
119584,BRD-A39052811,0,0,0,0,0,0,1,0,0,0,0,0
5029,BRD-A39390670,0,0,0,0,0,0,1,0,0,0,0,0
4594,BRD-A55962179,0,0,0,0,0,0,1,0,0,0,0,0
5311083,BRD-A56892734,0,0,0,0,0,0,1,0,0,0,0,0
5388977,BRD-A92630576,0,0,0,0,0,0,1,0,0,0,0,0
932,BRD-A94669766,0,0,0,0,0,0,1,0,0,0,0,0
5702160,BRD-K00673382,0,0,0,0,0,0,1,0,0,0,0,0
2950,BRD-K10065684,0,0,0,0,0,0,1,0,0,0,0,0
10133,BRD-K18135438,0,0,0,0,0,0,1,0,0,0,0,0
2756,BRD-K18618618,0,0,0,0,0,0,1,0,0,0,0,0
4764,BRD-K19227686,0,0,0,0,0,0,1,0,0,0,0,0
9903,BRD-K20986251,0,0,0,0,0,0,1,0,0,0,0,0
2733768,BRD-K33572481,0,0,0,0,0,0,1,0,0,0,0,0
2391,BRD-K39987650,0,0,0,0,0,0,1,0,0,0,0,0
60758,BRD-K46742498,0,0,0,0,0,0,1,0,0,0,0,0
34001,BRD-K48932581,0,0,0,0,0,0,1,0,0,0,0,0
10140,BRD-K54771420,0,0,0,0,0,0,1,0,0,0,0,0
108137,BRD-K55748775,0,0,0,0,0,0,1,0,0,0,0,0
5311047,BRD-K59163477,0,0,0,0,0,0,1,0,0,0,0,0
71420,BRD-K61250553,0,0,0,0,0,0,1,0,0,0,0,0
3035026,BRD-K68144790,0,0,0,0,0,0,1,0,0,0,0,0
3033332,BRD-K70505054,0,0,0,0,0,0,1,0,0,0,0,0
3033637,BRD-K73589491,0,0,0,0,0,0,1,0,0,0,0,0
56704,BRD-K81855038,0,0,0,0,0,0,1,0,0,0,0,0
9279,BRD-K90885812,0,0,0,0,0,0,1,0,0,0,0,0
6674,BRD-K90976994,0,0,0,0,0,0,1,0,0,0,0,0
5283066,BRD-K92301463,0,0,0,0,0,0,1,0,0,0,0,0
92722,BRD-A48261811,0,0,0,0,0,0,0,1,0,0,0,0
5280483,BRD-A55815733,0,0,0,0,0,0,0,1,0,0,0,0
6006,BRD-A75919782,0,0,0,0,0,0,0,1,0,0,0,0
5083,BRD-K06543683,0,0,0,0,0,0,0,1,0,0,0,0
5526,BRD-K15014948,0,0,0,0,0,0,0,1,0,0,0,0
6436393,BRD-K27499107,0,0,0,0,0,0,0,1,0,0,0,0
60606,BRD-K27721098,0,0,0,0,0,0,0,1,0,0,0,0
2753,BRD-K28578425,0,0,0,0,0,0,0,1,0,0,0,0
9875401,BRD-K37130656,0,0,0,0,0,0,0,1,0,0,0,0
5497136,BRD-K41707108,0,0,0,0,0,0,0,1,0,0,0,0
5353962,BRD-K51476772,0,0,0,0,0,0,0,1,0,0,0,0
3447,BRD-K59256312,0,0,0,0,0,0,0,1,0,0,0,0
5712,BRD-K60476892,0,0,0,0,0,0,0,1,0,0,0,0
564,BRD-K64931368,0,0,0,0,0,0,0,1,0,0,0,0
4055,BRD-K78126613,0,0,0,0,0,0,0,1,0,0,0,0
108092,BRD-K80315159,0,0,0,0,0,0,0,1,0,0,0,0
60943,BRD-K96720755,0,0,0,0,0,0,0,1,0,0,0,0
2763,BRD-A49358627,0,0,0,0,0,0,0,0,1,0,0,0
5694,BRD-K01902415,0,0,0,0,0,0,0,0,1,0,0,0
9705,BRD-K03642198,0,0,0,0,0,0,0,0,1,0,0,0
53232,BRD-K09416995,0,0,0,0,0,0,0,0,1,0,0,0
3463,BRD-K11129031,0,0,0,0,0,0,0,0,1,0,0,0
6918540,BRD-K18849474,0,0,0,0,0,0,0,0,1,0,0,0
2797,BRD-K19111024,0,0,0,0,0,0,0,0,1,0,0,0
54454,BRD-K22134346,0,0,0,0,0,0,0,0,1,0,0,0
1548972,BRD-K39716612,0,0,0,0,0,0,0,0,1,0,0,0
9884817,BRD-K40578143,0,0,0,0,0,0,0,0,1,0,0,0
150311,BRD-K42260897,0,0,0,0,0,0,0,0,1,0,0,0
2796,BRD-K45252063,0,0,0,0,0,0,0,0,1,0,0,0
3339,BRD-K50388907,0,0,0,0,0,0,0,0,1,0,0,0
54687,BRD-K60511616,0,0,0,0,0,0,0,0,1,0,0,0
23663976,BRD-K66296774,0,0,0,0,0,0,0,0,1,0,0,0
60823,BRD-K69726342,0,0,0,0,0,0,0,0,1,0,0,0
4912,BRD-K72029282,0,0,0,0,0,0,0,0,1,0,0,0
23663992,BRD-K81169441,0,0,0,0,0,0,0,0,1,0,0,0
446157,BRD-K82941592,0,0,0,0,0,0,0,0,1,0,0,0
5702094,BRD-A09349126,0,0,0,0,0,0,0,0,0,1,0,0
163332,BRD-A39747742,0,0,0,0,0,0,0,0,0,1,0,0
5702051,BRD-A91452556,0,0,0,0,0,0,0,0,0,1,0,0
6420009,BRD-K04218075,0,0,0,0,0,0,0,0,0,1,0,0
5280360,BRD-K26521938,0,0,0,0,0,0,0,0,0,1,0,0
1548955,BRD-K29950728,0,0,0,0,0,0,0,0,0,1,0,0
5311100,BRD-K31611373,0,0,0,0,0,0,0,0,0,1,0,0
8226,BRD-K34685430,0,0,0,0,0,0,0,0,0,1,0,0
13109,BRD-K35189033,0,0,0,0,0,0,0,0,0,1,0,0
55245,BRD-K37270826,0,0,0,0,0,0,0,0,0,1,0,0
33572,BRD-K51465424,0,0,0,0,0,0,0,0,0,1,0,0
6231,BRD-K80334323,0,0,0,0,0,0,0,0,0,1,0,0
72385,BRD-K88625236,0,0,0,0,0,0,0,0,0,1,0,0
6230,BRD-K92073408,0,0,0,0,0,0,0,0,0,1,0,0
5832,BRD-K96037667,0,0,0,0,0,0,0,0,0,1,0,0
10631,BRD-K99615199,0,0,0,0,0,0,0,0,0,1,0,0
3746,BRD-A05352148,0,0,0,0,0,0,0,0,0,0,1,0
43232,BRD-A37432947,0,0,0,0,0,0,0,0,0,0,1,0
3516,BRD-A90515964,0,0,0,0,0,0,0,0,0,0,1,0
3344,BRD-K26739552,0,0,0,0,0,0,0,0,0,0,1,0
2442,BRD-K47631482,0,0,0,0,0,0,0,0,0,0,1,0
2132,BRD-K56558538,0,0,0,0,0,0,0,0,0,0,1,0
23663996,BRD-K69470111,0,0,0,0,0,0,0,0,0,0,1,0
5717,BRD-K71289571,0,0,0,0,0,0,0,0,0,0,1,0
3969,BRD-K74765201,0,0,0,0,0,0,0,0,0,0,1,0
122023,BRD-K92492521,0,0,0,0,0,0,0,0,0,0,1,0
4887,BRD-K97045029,0,0,0,0,0,0,0,0,0,0,1,0
2092,BRD-A09056319,0,0,0,0,0,0,0,0,0,0,0,1
44383,BRD-A22256192,0,0,0,0,0,0,0,0,0,0,0,1
57363,BRD-K01095011,0,0,0,0,0,0,0,0,0,0,0,1
92766,BRD-K06467078,0,0,0,0,0,0,0,0,0,0,0,1
6769,BRD-K14200658,0,0,0,0,0,0,0,0,0,0,0,1
65747,BRD-K32755366,0,0,0,0,0,0,0,0,0,0,0,1
6169,BRD-K35586044,0,0,0,0,0,0,0,0,0,0,0,1
5280954,BRD-K52930707,0,0,0,0,0,0,0,0,0,0,0,1
444031,BRD-K95773607,0,0,0,0,0,0,0,0,0,0,0,1
